
{
"K": [
  [
   1046.4493524985362,
   0.0,
   527.7729152756989
  ],
  [
   0.0,
   1020.7893102015274,
   637.4485790970742
  ],
  [
   0.0,
   0.0,
   1.0
  ]
 ],
 "d": 2,
 "h": 1,
 "tilt": 0,
 "pan": 5
}
