
{
"K": [
  [
   1046.4493524985362,
   0.0,
   527.7729152756989
  ],
  [
   0.0,
   1020.7893102015274,
   637.4485790970742
  ],
  [
   0.0,
   0.0,
   1.0
  ]
 ],
 "d": 3,
 "h": 2,
 "tilt": 30,
 "pan": 0
}