{
 "K": [
  [
   708.9557849303012,
   0.0,
   323.8426749351238
  ],
  [
   0.0,
   690.9389913514669,
   227.94503861777625
  ],
  [
   0.0,
   0.0,
   1.0
  ]
 ],
 "distortion": [
  [
   0.3436790831785926,
   -2.2770379070414264,
   0.0012853153015694944,
   -0.007201967208265648,
   5.9991895447041355
  ]
 ]
}