{
 "K": [
  [
   1190.5040470930478,
   0.0,
   290.18589499136135
  ],
  [
   0.0,
   1157.184380062558,
   520.759881449893
  ],
  [
   0.0,
   0.0,
   1.0
  ]
 ],
 "distortion": [
  [
   0.8362502001455017,
   -6.5617445650493575,
   -0.002944168416451329,
   -0.03147434355056538,
   19.224630335796363
  ]
 ]
}

