{
 "K": [
  [
   1046.4493524985362,
   0.0,
   527.7729152756989
  ],
  [
   0.0,
   1020.7893102015274,
   637.4485790970742
  ],
  [
   0.0,
   0.0,
   1.0
  ]
 ],
 "distortion": [
  [
   0.2901780616594874,
   -1.3649357478875337,
   -0.0006905102241911528,
   0.016909845233989782,
   2.6500966981863825
  ]
 ]
}

